Suggestion0,Suggestion1,Suggestion2,Suggestion3,Suggestion4
کلاله,تهران - پایانه جنوب,تهران,آبادان,قشم
نهاوند,تهران,آبادان,قلعه گنج,قشم
ساوه,تفرش,قم,تهران,قلعه گنج
یاسوج,میاندوآب,نهاوند,بوشهر,شیراز
بندر ترکمن,بندر انزلی,عسلویه,تهران,آبادان
فومن,رشت,آبادان,قائن,قلعه گنج
گناوه,اندیمشک,اصفهان,فیروزکوه,قشم
کازرون,شیراز,قلعه گنج,قزوین,قرچک
محلات,محمودآباد,خمین,بروجرد,قم
گنبد کاووس,گرگان,تبریز,آبادان,قائم شهر
عنبران,بناب,تبریز,قائن,قم
ارومیه,تبریز,کرج,تهران,آبادان
فولادشهر,اصفهان,آبادان,قائن,قلعه گنج
کاشان,آمل,زنجان,قم,اصفهان
اندیمشک,اهواز,تهران,فرودگاه امام خمینی,فریدن
کرمانشاه,رودسر,کرج,تبریز,مشهد
جم,عسلویه,قم,قائن,قلعه گنج
ایلام,تهران - پایانه جنوب,کرمانشاه,تهران,قشم
میبد,نائین,آبادان,قائم شهر,قلعه گنج
رشت,رودسر,بجنورد,لنگرود,لاهیجان
بیجار,سقز,زنجان,قائم شهر,قلعه گنج
چابهار,سیرجان,اصفهان,تهران,آبادان
تویسرکان,تیران,تهران - پایانه پونک,تایباد,تفرش
قایمیه,قائن,قاینات,قائم شهر,ساری
آذرشهر,برازجان,آشخانه,آبدانان,آمل
بهبهان,اهواز,شیراز,آبادان,قائن
کمیجان,اراک,آزادشهر,همدان,بروجرد
سیرجان,قائم شهر,عسلویه,کرمان,گرگان
تهران - پایانه غرب,تهران - پایانه جنوب,کرمانشاه,تهران,اصفهان
بم,ایرانشهر,کرمان,تهران,قائن
کاشمر,کازرون,کاشان,اصفهان - پایانه کاوه,شیراز - پایانه کاراندیش
بوشهر,کنگان,بندرعباس,شهرکرد,عسلویه
سرچم,میانه,میاندوآب,دهق,مهاباد
سمنان,کرمانشاه,تهران,آبادان,قائم شهر
زرین شهر,فسا,داراب,اصفهان,قائم شهر
اندیمشک,انار,مسجدسلیمان,بندر انزلی,لنگرود
اردبیل,ارومیه,تبریز,رشت,مشهد
زواره,اردستان,زرین شهر,زابل,زنجان
سراب,سردشت,سراوان,سبزوار,سربندر
رودسر,رامسر,رشت,قائن,قلعه گنج
طبس,طوالش,چالوس,سمنان,زنجان
یاسوج,نهاوند,بوشهر,یزد,شیراز
شیرگاه,شیروان,شیراز - پایانه امیرکبیر,شیراز - پایانه کاراندیش,شیراز - پایانه مدرس
دهدشت,عسلویه,بهبهان,آبادان,قائن
سمنان,تهران,آبادان,قائن,قم
میانه,سرچم,زنجان,تبریز,آبادان
بندر گناوه,بندرعباس,مشهد,اصفهان,تهران
ارومیه,کرج,تهران,قائم شهر,قشم
دامغان,کاشان,آبادان,قزوین,قرچک
ملایر,همدان,قم,تهران,قلعه گنج
نجف آباد,یزد,آبادان,فیروزکوه,قشم
شهرک,شهرضا,شهریار,شهربابک,شهرکرد
طبس,سمنان,آبادان,قائم شهر,قلعه گنج
اردبیل,سایر,رشت,آبادان,قائن
پلدختر,کلاردشت,کرج,کرمان,کنگان
بندرعباس,تبریز,تهران,آبادان,قم
بیرجند,اردبیل,مشهد,اصفهان,مسجد سلیمان
دامغان,کاشان,سمنان,کرمانشاه,تهران
خرم آباد,ساری,اهواز,اصفهان,تهران
کاشمر,کاشان,گناباد,آمل,اصفهان
ملایر,تکاب,همدان,کرمانشاه,اهواز
تهران - پایانه بیهقی,تهران,آبادان,قلعه گنج,قشم
عسلويه,عسلویه,بندرعباس,شیراز,آبادان
فردوس,تهران - پایانه جنوب,تهران,آبادان,قلعه گنج
اصفهان - پایانه کاوه,خرم آباد,اصفهان,تهران,قشم
اندیشه,اندیمشک,اهواز - همه پایانه‌ها,اهواز,تهران
جلفا,جم,جاجرم,جهرم,جیرفت
قزوین,رودبار,سایر,رامسر,همدان
دهلران,دهدشت,مهران,شاهین شهر,شهرضا
مینودشت,میناب,میبد,میاندوآب,خاش
زنجان,قزوین,اهواز,رشت,تبریز
کازرون,شیراز,قلعه گنج,قزوین,قرچک
خوانسار,قم,اصفهان,قائم شهر,قلعه گنج
شیراز - پایانه مدرس,شیراز - پایانه امیرکبیر,شیراز - پایانه کاراندیش,شیراز,آبادان
بابلسر,بابل,قم,تهران,فریدون کنار
کنگان,کنگاور,آبادان,قائم شهر,قشم
آبادان,آباده,ابرکوه,شیراز,یزد
محمودآباد,بابل,ساری,چالوس,بابلسر
شهرکرد,مهران,سیرجان,اهواز,بندرعباس
بیرجند,بندرعباس,مشهد,سرپل ذهاب,قایمیه
بوشهر,کنگان,بندرعباس,شهرکرد,شیراز
لامرد,آبادان,قم,قشم,قزوین
رفسنجان,کرمان,اصفهان,آبادان,قائم شهر
سنندج,سقز,تهران,آبادان,قائن
سمنان,تهران,آبادان,قائن,قم
ایرانشهر,آبادان,قائم شهر,قلعه گنج,قشم
شاهرود,شاهین دژ,شاهین شهر,سمنان,کاشان
شوش,شوشتر,اهواز,آبادان,قائن
کرمانشاه,رودسر,کرج,تبریز,شیراز
رودسر,رودبار,کهنوج,جیرفت,رشت
پایانه مرزی مهران,مهاباد,مهران,خمینی شهر,ایلام
بجنورد,شهرکرد,شیراز,مشهد,اصفهان
یزد,یزد - کمربندی,پایانه فدک,ابرکوه,فولادشهر
صحنه,صومعه سرا,اصفهان - پایانه صفه,تکاب,ابرکوه
جیرفت,بندرعباس,آبادان,قائن,قلعه گنج
مسجد سلیمان,مرند,میناب,مینودشت,مرزن آباد
ایرانشهر,آبادان,قائم شهر,قلعه گنج,قشم
زابل,زاهدان,اصفهان,قم - عوارضی,قلعه گنج
تهران - پایانه غرب,تهران - پایانه جنوب,بهبهان,تهران,قایمیه
دزفول,اندیمشک,کرمانشاه,فومن,قزوین
خمین,خمینی شهر,الیگودرز,فرودگاه امام خمینی,اصفهان
رباط کریم,رفسنجان,رشت,رودسر,تهران
فرودگاه امام خمینی,قم,تهران,قائن,قلعه گنج
قائم شهر,ساری,آمل,گرگان,بابل
لاهیجان,لامرد,لار,فومن,لنگرود
اردکان,نائین,اصفهان,تهران,قائن
چابهار,سیرجان,اصفهان,تهران,آبادان
آباده,آبادان,شیراز,مریوان,فیروزکوه
شهرضا,شیراز,تهران,قایمیه,قم
همدان,ملایر,بوشهر,بابل,کرج
سبزوار,نیشابور,سیرجان,گرگان,آبادان
نوشهر,رویان,چالوس,ساری,تهران
مهران,پایانه مرزی مهران,ایلام,کرمانشاه,اراک
میبد,آبادان,فیروزکوه,قشم,قزوین
هشتپر,هادیشهر,همدان,اردکان,آستانه اشرفیه
کرج,کرمانشاه,کاشان,کرمان,مشهد
تبریز,تکاب,شاهین دژ,همدان,تهران
البرز,تهران,کرج,فیروزکوه,قشم
امیدیه,شیراز - پایانه امیرکبیر,بهشهر,ماهشهر,اهواز - همه پایانه‌ها
تهران - پایانه جنوب,اصفهان,رشت,آبادان,قایمیه
دزفول,اندیمشک,کرمانشاه,فومن,قزوین
نائین,ماهشهر,کاشان,کرج,آبادان
دیواندره,بندر دیر,دیلم,اندیمشک,شهرکرد
اقلید,آباده,اصفهان,قائم شهر,قشم
ابهر,آبادان,قم - عوارضی,قلعه گنج,قشم
تویسرکان,همدان,رشت,آبادان,قائن
تهران - پایانه پونک,تهران - پایانه بیهقی,تهران - پایانه شرق,تهران - پایانه غرب,آستانه اشرفیه
بروجرد,بروجن,الیگودرز,بوشهر,اهواز
دورود,خرم آباد,آبادان,قائم شهر,قشم
شهربابک,دامغان,محمودآباد,تنکابن,اهواز - پایانه سیاحت
نیک شهر,نیر,نی‌ریز,نیشابور,ایرانشهر
پل سفید,پاوه,پلدختر,پارس آباد,پارسیان
بندر انزلی,بندر ترکمن,رشت,آبادان,قم - پایانه فدک
سرچم,میانه,میاندوآب,مهاباد,تبریز
سلماس,سلمان شهر,سلطان آباد,اهواز - پایانه سیاحت,سنندج
دورود,خرم آباد,آبادان,قائم شهر,قشم
بیرجند,بهبهان,بوشهر,بروجرد,بندرعباس
بهبهان,اهواز,شیراز,آبادان,قائن
سبزوار,نیشابور,گرگان,فیروزکوه,قشم
سنندج,سقز,تهران,آبادان,قائن
قائم شهر,آبادان,آباده,قلعه گنج,قشم
مشهد,تهران,قم - عوارضی,قلعه گنج,قشم
امیدیه,اهواز,اهواز - همه پایانه‌ها,بهبهان,آبادان
دامغان,داراب,خوانسار,کاشان,کرمانشاه
شاهرود,شاهین شهر,شاهین دژ,سمنان,دامغان
ارزروم (ترکیه),ابرکوه,تبریز,کرج,بندرعباس
نقده,قوچان,پیرانشهر,مهاباد,تهران
بابا میدان,بابل,بانه,باتومی (گرجستان),بابلسر
فردوس,گناباد,سمنان,شیراز,تهران
نیر,نهبندان,نیک شهر,نطنز,نی‌ریز
عباس آباد,محمودآباد,چالوس,ساری,بابل
گرگان,گرگان - همه پایانه‌ها,ایرانشهر,بهبهان,زاهدان
بانه,بوکان,سقز,ارومیه,تبریز
تایباد,طوالش,هشتپر,قزوین,رشت
کوهدشت,کرمان,آبادان,قائم شهر,قشم
مشهد,تربت حیدریه,زابل,قزوین,جیرفت
بندر گناوه,بندرعباس,مشهد,اصفهان,قائن
آمل,املش,ساری,بابل,رشت
کلاچای,کلاردشت,کلاله,رودسر,گنبد کاووس
لنگرود,رشت,آبادان,قائن,قلعه گنج
دیلم,گناوه,اندیمشک,شهرکرد,اهواز
گناباد,تهران,آبادان,قائم شهر,قلعه گنج
ارومیه,اراک,اردبیل,آبادان,قم - پایانه فدک
بجستان,بجنورد,آبادان,مشهد,اصفهان
شبستر,شیراز,آبادان,قائن,قلعه گنج
سرایان,سراوان,سراب,سایر,فردوس
داراب,شیراز,اصفهان,آبادان,قائم شهر
لنگرود,لاهیجان,بندر انزلی,رشت,بندرعباس
شاندرمن,شوط,شیرگاه,شهرک,شوش
ماهشهر,آبادان,اندیمشک,اهواز,همدان
کلاچای,کنگاور,کاشمر,کلاله,البرز
قزوین,رودبار,سایر,همدان,رامسر
تهران - پایانه غرب,تهران,بندرعباس,آبادان,قایمیه
تنکابن,سایر,عباس آباد,رامسر,ساری
کلاله,کلاچای,تهران,آبادان,قشم
عسلويه,عسلویه,بندرعباس,شیراز,اصفهان
پایانه غرب,تهران - همه پایانه‌ها,تهران - پایانه شرق,تهران - پایانه غرب,تهران - پایانه بیهقی
رشت,آبادان,قم - عوارضی,قلعه گنج,قشم
ماکو,ارومیه,آبادان,قائم شهر,قلعه گنج
خوانسار,کرج,قم,مرند,قشم
یزد,مشهد,تهران,اصفهان,قشم
بندر کنگان,بندرعباس,بندر انزلی,دیلم,بندر گناوه
محلات,خمین,قم,اراک,تهران
شوش,شوشتر,اهواز,آبادان,قائن
بندر گناوه,بندرعباس,جیرفت,مشهد,اصفهان
محمودآباد,ساری,آبادان,قائم شهر,قلعه گنج
آبادان,شیراز,عنبران,قلعه گنج,قشم
بندرعباس,تبریز,تهران,آبادان,قم
ری,آبادان,قم - عوارضی,قلعه گنج,قشم
عسلويه,عسلویه,بندرعباس,شیراز,آبادان
همدان,ملایر,بوشهر,بابل,اراک
قائم شهر,آمل,ساری,گرگان,تهران
آستارا,آستانه اشرفیه,لاهیجان,رشت,تهران
بهبهان,اهواز,شیراز,آبادان,قائن
مهاباد,تبریز,آبادان,قائم شهر,قلعه گنج
هشتپر,تبریز,فیروزکوه,قشم,قزوین
ماهشهر,آبادان,اهواز,همدان,کرج
دورود,بهبهان,خرم آباد,آبادان,قائن
مراغه,میاندوآب,تهران,آبادان,قشم
بروجن,بروجرد,برداسکن,دشتستان,برازجان
همدان,ملایر,بوشهر,کرج,بابل
حاجی آباد قائن,خلخال,تربت حیدریه,داراب,جیرفت
سقز,کرج,همدان,آبادان,قائم شهر
محمودآباد,بابل,ساری,گرگان,اصفهان
کرج,کرمانشاه,البرز,کرمان,تیران
گرگان,مشهد,فومن,قشم,قزوین
خرم آباد,خرمشهر,ابهر,قزوین,اهواز
بابا میدان,بابل,بابلسر,شهربابک,ساری
کرج,کرمان,کرمانشاه,آبادان,فیروزکوه
خوی,تبریز,ارومیه,آبادان,قائن
بهشهر,ساری,آبادان,قائم شهر,قلعه گنج
اوز,گراش,ارومیه,شیراز,آبادان
عسلويه,عسلویه,شیراز,اهواز,بندرعباس
ایرانشهر,کرمان,آبادان,قائم شهر,قشم
ساوه,ساری,تهران - همه پایانه‌ها,طبس,قائم شهر
تهران - پایانه غرب,تهران - پایانه جنوب,کرمانشاه,اصفهان,شیراز
املش,آمل,گرگان,فیروزکوه,قلعه گنج
اهواز,اهواز - پایانه تپه,اهواز - همه پایانه‌ها,اهواز - پایانه سیاحت,تهران - همه پایانه‌ها
علی آباد بابلسر,عنبرآباد,عنبران,عسلويه,عسلویه
ساری,تهران - همه پایانه‌ها,قائم شهر,رامسر,گرگان
چابهار,چالوس,رامسر,سیرجان,یزد
شاهین دژ,شاهین شهر,بهبهان,اصفهان,آبادان
کرمانشاه,کرمان,رفسنجان,رودسر,ایلام
بهبهان,بهشهر,اهواز,رامسر,شهرکرد
قشم,پارسیان,بندرعباس,تبریز,شیراز
لار,خنج,اهواز - همه پایانه‌ها,شیراز,تهران
چالوس,ساری,رشت,آبادان,فیروزکوه
شاهرود,سمنان,دامغان,کاشان,تهران
بندرعباس,بندر گناوه,جیرفت,مشهد,اصفهان
ارومیه,اراک,اردکان,اردبیل,سلطان آباد
اقلید,ابرکوه,آباده,اصفهان,قشم
فسا,عسلويه,شیراز - پایانه کاراندیش,شیراز,آبادان
ایذه,آبادان,قائم شهر,قلعه گنج,قشم
فولادشهر,اصفهان,آبادان,قائن,قلعه گنج
خمین,خمینی شهر,الیگودرز,فرودگاه امام خمینی,اصفهان
کازرون,شیراز,قلعه گنج,قزوین,قرچک
گنبد کاووس,گناوه,گناباد,گرگان,اندیمشک
زنجان,اهواز,تبریز,رشت,تهران
ایرانشهر,آبادان,قائم شهر,قلعه گنج,قشم
بروجرد,خرم آباد,اهواز,شیراز,تهران
چابهار,رامسر,سیرجان,چالوس,یزد
ارومیه,پیرانشهر,تبریز,تهران,آبادان
امیدیه,املش,آمل,شیراز - پایانه امیرکبیر,فرودگاه امام خمینی
دزفول,بندر دیر,شوشتر,اندیمشک,کرمانشاه
تهران - پایانه بیهقی,تهران - پایانه غرب,تهران,بندرعباس,قایمیه
دهلران,دلیجان,دره‌شهر,بندر دیر,دهدشت
عباس آباد,بندرعباس,مشهد,قائم شهر,قلعه گنج
کاشان,آمل,زنجان,اصفهان,تهران
قائم شهر,ساری,آمل,گرگان,تهران
تبریز,تکاب,شاهین دژ,همدان,تهران
ماکو,ماهشهر,ماسال,ملایر,بندر انزلی
نهاوند,تهران,آبادان,قلعه گنج,قشم
دزفول,اندیمشک,کرمانشاه,فومن,قزوین
جهرم,تهران,آبادان,قم,قشم
تربت جام,تربت حیدریه,کاشمر,بیرجند,قائن
تهران - پایانه غرب,تهران - پایانه جنوب,اصفهان,تهران,آبادان
لنگرود,رشت,آبادان,قائن,قلعه گنج
بوکان,بانه,سقز,ارومیه,تبریز
تهران - پایانه بیهقی,تهران,آبادان,قلعه گنج,قشم
قائم شهر,آمل,ساری,گرگان,بندرعباس
خرم آباد,بروجن,دورود,بروجرد,ساری
بجنورد,آبادان,مشهد,یاسوج,فیروزکوه
اصفهان,آبادان,عنبران,قلعه گنج,قشم
تبریز,شاهین دژ,تکاب,همدان,زنجان
کنگان,تهران,آبادان,قلعه گنج,قشم
بهبهان,اهواز,شیراز,آبادان,قائن
تنکابن,عباس آباد,سایر,رامسر,ساری
نجف آباد,آبادان,قم,قشم,قزوین
اردبیل,ارومیه,رشت,ساری,تبریز
شیراز - پایانه کاراندیش,عسلویه,شیراز,آبادان,قشم
کازرون,شیراز,قلعه گنج,قزوین,قرچک
دهدشت,عسلویه,بهبهان,آبادان,قائن
گناوه,گناباد,اندیمشک,مشهد,اصفهان
بندر ترکمن,بندر انزلی,لنگرود,آبادان,قایمیه
سنقر,سنندج,سقز,کرمانشاه,ساری
محلات,خمین,قم,اراک,تهران
شوشتر,شوش,اهواز,آبادان,قائن
کوهدشت,کرمان,آبادان,قائم شهر,قشم
نهبندان,نهاوند,شوشتر,بیرجند,بهشهر
ایرانشهر,ایذه,مهران,آبادان,ایلام
مسجد سلیمان,مسجدسلیمان,دهق,ماسال,مشهد
شاهین دژ,شاهین شهر,میاندوآب,بهبهان,اصفهان
یاسوج,عسلويه,ایذه,نهاوند,بوشهر
چالوس,چابهار,ساری,رشت,آبادان
لاهیجان,آبادان,قم,قشم,قزوین
داراب,شیراز,اصفهان,آبادان,قائم شهر
اردبیل,ارومیه,تبریز,رشت,تهران
بیرجند,بندرعباس,مشهد,اصفهان,مسجد سلیمان
محمودآباد,ساری,بابل,گرگان,اصفهان
سمنان,سنندج,کرمانشاه,ساری,تهران
لامرد,آبادان,قم,قشم,قزوین
بیجار,بیرجند,تهران - پایانه بیهقی,تکاب,سقز
بم,میبد,اصفهان - پایانه کاوه,نجف آباد,دامغان
محمودآباد,ساری,آبادان,قائم شهر,قلعه گنج
فرودگاه امام خمینی,قم,تهران,قائن,قلعه گنج
تهران - پایانه غرب,تهران - پایانه جنوب,کرمانشاه,شیراز,تهران
ابهر,قزوین,آبادان,قم - عوارضی,قلعه گنج
رویان,نور,آمل,ساری,قائن
مراغه,میاندوآب,کرمانشاه,آبادان,فیروزکوه
چابهار,سیرجان,تهران,آبادان,قشم
ایرانشهر,آبادان,قائم شهر,قلعه گنج,قشم
ایلام,تهران - پایانه جنوب,کرمانشاه,تهران,قشم
بوشهر,کنگان,بندرعباس,شهرکرد,شیراز
تهران - پایانه غرب,تهران - پایانه جنوب,کرمانشاه,تهران,شیراز
پایانه فدک,یاسوج,یزد,یزد - کمربندی,فولادشهر
قاینات,قائن,قائم شهر,ساری,آبادان
ساوه,اراک,قم,تهران,آبادان
گیلانغرب,فومن,اردبیل,لاهیجان,رشت
شیروان,شیراز - پایانه امیرکبیر,شیراز - پایانه مدرس,شیراز - پایانه کاراندیش,شیراز
قرچک,قائم شهر,قم,قزوین,آباده
ملایر,همدان,قم,تهران,قلعه گنج
ملایر,میاندوآب,تکاب,مهاباد,همدان
زاهدان,قم - عوارضی,قلعه گنج,قشم,قزوین
اصفهان - پایانه جی,لردگان,اصفهان - پایانه صفه,اصفهان - پایانه کاوه,اصفهان
اهواز - پایانه تپه,اهواز - همه پایانه‌ها,عسلویه,اهواز,تهران
بروجن,بروجرد,الیگودرز,بوشهر,خرم آباد
بجنورد,آبادان,مشهد,یاسوج,فیروزکوه
خمین,خمینی شهر,الیگودرز,فرودگاه امام خمینی,اصفهان
گراش,گیلانغرب,گرمی,گناوه,گرگان
ماسال,بندر انزلی,رشت,قم - عوارضی,قلعه گنج
رامهرمز,رامسر,بجنورد,زاهدان,اراک
مهاباد,تبریز,آبادان,قائم شهر,قلعه گنج
سبزوار,نیشابور,آبادان,قائم شهر,قشم
استهبان,استانبول (ترکیه),آستارا,سایر,شاهرود
زاهدان,یزد,آبادان,قشم,قزوین
استانبول (ترکیه),آستارا,شاهرود,رشت,تهران
چذابه,چغادک,چابهار,چالوس,ماسال
فومن,فولادشهر,اصفهان,رشت,آبادان
دامغان,کاشان,سمنان,آبادان,قشم
مهاباد,تبریز,آبادان,قائم شهر,قلعه گنج
تنکابن,عباس آباد,سایر,رامسر,ساری
بندر گناوه,بندر کنگان,بندر انزلی,بندرعباس,دیلم
اصفهان - پایانه جی,اصفهان - پایانه کاوه,اصفهان - پایانه صفه,اصفهان,دامغان
کلاچای,کلاردشت,کلاله,البرز,رودسر
جهرم,آبادان,سربندر,قلعه گنج,قشم
شهرک,شهرضا,شهریار,شهربابک,شهرکرد
اصفهان - پایانه صفه,اصفهان - پایانه کاوه,اصفهان - پایانه جی,لردگان,اصفهان
قم,قم - پایانه فدک,قم - عوارضی,پایانه فدک,تفرش
شهر قدس,شهربابک,بم,شهرکرد,شاهرود
مهران,پایانه مرزی مهران,ایلام,کرمانشاه,تهران
همدان,ملایر,بوشهر,ایلام,بابل
رفسنجان,کرمان,یزد,اصفهان,آبادان
لنگرود,لاهیجان,رامسر,رشت,بندرعباس
زاهدان,قم - عوارضی,قلعه گنج,قشم,قزوین
آبادان,همدان,بندرعباس,شیراز,قائن
بیرجند,بندرعباس,مشهد,سرپل ذهاب,قایمیه
اهواز - پایانه تپه,اهواز - همه پایانه‌ها,اهواز - پایانه سیاحت,اهواز,شاهین شهر
آباده,آبادان,خرمشهر,همدان,اهواز
سقز,کرج,آبادان,فیروزکوه,قشم
بندر کنگان,بندرعباس,بندر انزلی,دیلم,بندر گناوه
نوشهر,رویان,تهران,آبادان,قشم
عسلويه,عسلویه,شیراز,بندرعباس,اصفهان
گرمسار,سمنان,تهران - پایانه جنوب,اردبیل,آبادان
مرند,مریوان,مراغه,ابرکوه,سقز
تنکابن,عباس آباد,سایر,رامسر,ساری
دورود,خرم آباد,آبادان,قائم شهر,قشم
ازنا,آزادشهر,استانبول (ترکیه),اردبیل,اراک
مهاباد,تبریز,آبادان,قائم شهر,قلعه گنج
کرمان,کرمانشاه,رفسنجان,رودسر,ایلام
بندر لنگه,آبادان,قائم شهر,قلعه گنج,قشم
ایوان,ایذه,ایرانشهر,ایلام,استانبول (ترکیه)
بهشهر,ساری,آبادان,قائم شهر,قلعه گنج
کهنوج,آبادان,قم,قشم,قزوین
ماهشهر,آبادان,اهواز,همدان,شیراز
تهران - پایانه غرب,تهران,بندرعباس,آبادان,قایمیه
شهرکرد,مهران,سیرجان,اهواز,اصفهان
رزن,رامهرمز,رحیم آباد,رویان,رشت
آبادان,شیراز,بندرعباس,قائن,قلعه گنج
شاهرود,شیراز - پایانه کاراندیش,شاهین شهر,شوشتر,شهرکرد
لاهیجان,فومن,رشت,تهران,آبادان
کنگان,کنگاور,آبادان,قائم شهر,قشم
بجنورد,تهران - پایانه جنوب,تهران,آبادان,قم - عوارضی
آبدانان,آباده,آبادان,خرمشهر,بندر انزلی
اسفراین,مشهد,عنبران,قلعه گنج,قشم
کنگاور,کنگان,گنبد کاووس,چابهار,آبادان
لاهیجان,فومن,رشت,تهران,آبادان
آمل,اراک,اهواز - همه پایانه‌ها,آبادان,قائن
نوشهر,نورآباد (لرستان),نور,ممسنی,نورآباد
کرمان,کرمانشاه,رفسنجان,رودسر,همدان
تربت حیدریه,کاشمر,بیرجند,قائم شهر,قلعه گنج
بجنورد,آبادان,مشهد,تهران,قم - عوارضی
جهرم,آبادان,سربندر,قلعه گنج,قشم
نیشابور,بابل,مشهد,شیراز,قم
محمودآباد,میبد,میاندوآب,ماهشهر,ملایر
ارزروم (ترکیه),تبریز,بندرعباس,اصفهان,آبادان
گیلانغرب,فومن,اردبیل,لاهیجان,رامسر
شهرک,شهرکرد,مهران,سیرجان,اهواز
چالوس,رشت,ساری,آبادان,فیروزکوه
خرمشهر,شیراز,آبادان,قائن,قلعه گنج
فریدن,فریدون کنار,فریدون شهر,فردوس,فرودگاه امام خمینی
قشم,پارسیان,بندرعباس,تبریز,شیراز
بندر ترکمن,بندر کنگان,جاسک,دیلم,بندر انزلی
اردکان,نائین,اصفهان,تهران,قائن
بیرم,نورآباد (فارس),تهران - تهران (جنوب),کهگیلویه,اشکنان
اندیمشک,اهواز,اهواز - همه پایانه‌ها,تهران,قائم شهر
درگز,دره‌شهر,درگهان,اردکان,خرم آباد
اراک,کمیجان,همدان,تهران,قم
گلپایگان,سلطان آباد,بهشهر,گرگان,کرمان
یاسوج,یزد,آبادان,فیروزکوه,قشم
محمودآباد,ساری,قم,قائم شهر,قلعه گنج
کرمانشاه,رودسر,کرج,تبریز,مشهد
فولادشهر,اصفهان,آبادان,قائن,قلعه گنج
لاهیجان,لامرد,لنگرود,لار,فومن
مشهد,تفلیس (گرجستان),عباس آباد,جیرفت,زابل
گچساران,سایر,یاسوج,بهبهان,اهواز
فسا,عسلويه,شیراز,آبادان,قائم شهر
بندرعباس,تبریز,تهران,آبادان,قم
کرج,البرز,تیران,نهاوند,قائم شهر
لنگرود,رشت,آبادان,قائن,قلعه گنج
خرمشهر,آبادان,شیراز,اصفهان,قائن
ایذه,آبادان,قائم شهر,قلعه گنج,قشم
زابل,زاهدان,اصفهان,قم - عوارضی,قلعه گنج
نیشابور,بابل,مشهد,فارسان,قلعه گنج
شاهرود,سمنان,دامغان,کاشان,تهران
سبزوار,نیشابور,آبادان,قائم شهر,قشم
سیاهکلا,سیرجان,شیراز - پایانه مدرس,اهواز - پایانه سیاحت,قائم شهر
بویراحمد,بدره,بانه,بشرویه,بابا میدان
پاوه,پارسیان,ترابزون (ترکیه),پارس آباد,تهران - پایانه غرب
ساری,تهران - همه پایانه‌ها,ساوه,رامسر,قائم شهر
بندر انزلی,ماهشهر,عسلویه,تهران,قائم شهر
رفسنجان,کرمان,اصفهان,آبادان,قائم شهر
تهران - پایانه پونک,ری,تهران - پایانه غرب,تهران - همه پایانه‌ها,تهران - پایانه شرق
مریوان,سقز,آبادان,قائم شهر,قلعه گنج
اهواز - پایانه تپه,اهواز - همه پایانه‌ها,اهواز,عسلویه,همدان
آباده,تهران,قم,قشم,قزوین
نهاوند,تهران,آبادان,قلعه گنج,قشم
الیگودرز,آباده,کرج,تهران,اهواز
زنجان,قزوین,اهواز,تبریز,رشت
آباده,آبادان,اهواز,بندرعباس,شیراز
بابل,بابلسر,چالوس,ساری,رامسر
گنبد کاووس,گرگان,تبریز,آبادان,قائم شهر
اردکان,نائین,ایرانشهر,اصفهان,تهران
تفرش,تفلیس (گرجستان),آبادان,قائم شهر,قلعه گنج
قائم شهر,آمل,ساری,گرگان,تهران
شاهرود,سبزوار,دامغان,سمنان,کاشان
سیرجان,قائم شهر,عسلویه,کرمان,گرگان
رامسر,بجنورد,گرگان,اصفهان,تهران
سیرجان,قائم شهر,عسلویه,کرمان,گرگان
نیشابور,بابل,مشهد,فارسان,قلعه گنج
تنکابن,تهران - پایانه غرب,تبریز,تهران - پایانه بیهقی,نجف آباد
اصفهان - پایانه جی,اصفهان - پایانه کاوه,اصفهان - پایانه صفه,لردگان,اصفهان
پایانه مرزی مهران,مهران,خمینی شهر,ایلام,کرمانشاه
سیرجان,قائم شهر,گرگان,کرمان,تهران
خرمشهر,شیراز,اصفهان,آبادان,قائن
ارومیه,کرج,تبریز,تهران,آبادان
خور,خوی,خوانسار,خواف,بهبهان
تاکستان,قزوین,آبادان,قائم شهر,قلعه گنج
زاهدان,قم - عوارضی,قلعه گنج,قشم,قزوین
بوشهر,بویراحمد,بوکان,بانه,بندر گناوه
شیراز,شیراز - پایانه امیرکبیر,شیراز - پایانه مدرس,شیراز - پایانه کاراندیش,نورآباد
فریدون کنار,فریدون شهر,فردوس,فومن,فریدن
ماهشهر,آبادان,اهواز,اندیمشک,همدان
بندر ترکمن,بندر انزلی,لنگرود,رودسر,رشت
انار,نجف آباد,نور,کازرون,نوشهر
خرم آباد,خرمشهر,ابهر,قزوین,اراک
شیراز - پایانه کاراندیش,کازرون,اقلید,مشهد,قشم
لنجان,تهران,تهران - پایانه پونک,تهران - پایانه شرق,تهران - همه پایانه‌ها
استهبان,ایوان,اسلامشهر,گیلانغرب,ازنا
شیراز - پایانه امیرکبیر,شیراز - پایانه مدرس,شیراز - پایانه کاراندیش,شیراز,نورآباد
انارک,ازنا,اهر,اقلید,ارومیه
بندر انزلی,لنگرود,رودسر,رشت,آبادان
گرمسار,گرمی,گرگان,اوز,گراش
پارسیان,پارس آباد,ترابزون (ترکیه),آبادان,قائم شهر
قایمیه,قم - عوارضی,قهستان,قاینات,قرچک
الیگودرز,اهواز,آبادان,فیروزکوه,قشم
آستارا,آستانه اشرفیه,لاهیجان,رشت,تهران
قزوین,رودبار,سایر,رامسر,همدان
اندیمشک,اهواز,تهران,فرودگاه امام خمینی,فریدن
قزوین,رودبار,سایر,رامسر,همدان
زاهدان,زابل,آذرشهر,یزد,اصفهان
اصفهان,اصفهان - پایانه جی,اصفهان - پایانه صفه,اصفهان - پایانه کاوه,لردگان
زنجان,قزوین,اهواز,رشت,تبریز
آستارا,آستانه اشرفیه,لاهیجان,رشت,آبادان
بروجرد,خرم آباد,اهواز,شیراز,تهران
شهرضا,شیراز,اصفهان,تهران,قم - عوارضی
ایلام,تهران - پایانه جنوب,کرمانشاه,تهران,قشم
دلیجان,ساوه,اراک,رشت,اصفهان
استهبان,اسلامشهر,اسفراین,اسلام آباد غرب,اسدآباد
رشت,رودسر,لنگرود,لاهیجان,بجنورد
یاسوج,نهاوند,بوشهر,اهواز,شیراز
سنندج,سقز,کرمانشاه,تهران,آبادان
رامهرمز,رامسر,بجنورد,اصفهان,تهران
بندرعباس,کنگان,تبریز,تهران,قائم شهر
شیراز - پایانه مدرس,شیراز - پایانه کاراندیش,شیراز - پایانه امیرکبیر,گلپایگان,شیراز
لامرد,آبادان,قم,قشم,قزوین
رامسر,بجنورد,اصفهان,تهران,قائن
فریدون شهر,فریدون کنار,فریدن,دهق,تربت جام
اندیشه,اندیمشک,خرم آباد,اهواز,تهران
اهر,اهواز - پایانه تپه,اهواز - همه پایانه‌ها,اهواز - پایانه سیاحت,اهواز
رویان,رودسر,رودبار,جیرفت,کهنوج
اردکان,اردبیل,نائین,سلطان آباد,ارومیه
تهران - پایانه پونک,تهران - همه پایانه‌ها,تهران - پایانه بیهقی,تهران - پایانه غرب,آستانه اشرفیه
آمل,املش,ساری,بابل,رشت
تربت حیدریه,تربت جام,کاشمر,اصفهان - پایانه صفه,اردبیل
خورموج,خشکبیجار,خور,خلخال,خوی
بهشهر,آبادان,قائم شهر,قلعه گنج,قشم
کهنوج,یاسوج,عسلویه,کرج,کرمان
طبس,سمنان,مشهد,قائم شهر,قلعه گنج
نهاوند,تهران,آبادان,قلعه گنج,قشم
بابلسر,بابل,قم,تهران,فریدون کنار
تبریز,شاهین دژ,تکاب,همدان,زنجان
کیاشهر,قشم,بندرعباس,کرج,مشهد
سردشت,سربندر,سرپل ذهاب,سراوان,سراب
تهران - پایانه غرب,تهران,بندرعباس,آبادان,قایمیه
رفسنجان,کرمان,اصفهان,آبادان,قائم شهر
ابهر,آبدانان,ایوان,پارس آباد,ابرکوه
رودسر,رامسر,رشت,قائن,قلعه گنج
مشهد,تربت حیدریه,زابل,قزوین,گناباد
نوردوز,نور,نورآباد (لرستان),نورآباد,ممسنی
گرگان,قم,قشم,قزوین,قرچک
چالوس,سمنان,بابلسر,ساری,آبادان
نوشهر,رویان,چالوس,تهران,فیروزکوه
تنکابن,عباس آباد,سایر,رامسر,ساری
اهواز - پایانه تپه,اهواز - همه پایانه‌ها,اهواز - پایانه سیاحت,اهواز,شاهین شهر
یزد - کمربندی,پایانه فدک,یزد,ابرکوه,فولادشهر
کرج,کرمانشاه,کرمان,آبادان,فیروزکوه
بوکان,بانه,سقز,ارومیه,تبریز
داراب,خوانسار,شیراز,یزد,اصفهان
آبادان,شیراز,عنبران,قلعه گنج,قشم
